HG00096	HG00096	1
HG00097	HG00097	1
HG00099	HG00099	1
HG00100	HG00100	1
HG00101	HG00101	1
HG00102	HG00102	1
HG00103	HG00103	1
HG00105	HG00105	1
HG00106	HG00106	1
HG00107	HG00107	1
HG00108	HG00108	1
HG00109	HG00109	1
HG00110	HG00110	1
HG00111	HG00111	1
HG00112	HG00112	1
HG00113	HG00113	1
HG00114	HG00114	1
HG00115	HG00115	1
HG00116	HG00116	1
HG00117	HG00117	1
HG00118	HG00118	1
HG00119	HG00119	1
HG00120	HG00120	1
HG00121	HG00121	1
HG00122	HG00122	1
HG00123	HG00123	1
HG00125	HG00125	1
HG00126	HG00126	1
HG00127	HG00127	1
HG00128	HG00128	1
HG00129	HG00129	1
HG00130	HG00130	1
HG00131	HG00131	1
HG00132	HG00132	1
HG00133	HG00133	1
HG00136	HG00136	1
HG00137	HG00137	1
HG00138	HG00138	1
HG00139	HG00139	1
HG00140	HG00140	1
HG00141	HG00141	1
HG00142	HG00142	1
HG00143	HG00143	1
HG00145	HG00145	1
HG00146	HG00146	1
HG00148	HG00148	1
HG00149	HG00149	1
HG00150	HG00150	1
HG00151	HG00151	1
HG00154	HG00154	1
HG00155	HG00155	1
HG00157	HG00157	1
HG00158	HG00158	1
HG00159	HG00159	1
HG00160	HG00160	1
HG00171	HG00171	1
HG00173	HG00173	1
HG00174	HG00174	1
HG00176	HG00176	1
HG00177	HG00177	1
HG00178	HG00178	1
HG00179	HG00179	1
HG00180	HG00180	1
HG00181	HG00181	1
HG00182	HG00182	1
HG00183	HG00183	1
HG00185	HG00185	1
HG00186	HG00186	1
HG00187	HG00187	1
HG00188	HG00188	1
HG00189	HG00189	1
HG00190	HG00190	1
HG00231	HG00231	1
HG00232	HG00232	1
HG00233	HG00233	1
HG00234	HG00234	1
HG00235	HG00235	1
HG00236	HG00236	1
HG00237	HG00237	1
HG00238	HG00238	1
HG00239	HG00239	1
HG00240	HG00240	1
HG00242	HG00242	1
HG00243	HG00243	1
HG00244	HG00244	1
HG00245	HG00245	1
HG00246	HG00246	1
HG00250	HG00250	1
HG00251	HG00251	1
HG00252	HG00252	1
HG00253	HG00253	1
HG00254	HG00254	1
HG00255	HG00255	1
HG00256	HG00256	1
HG00257	HG00257	1
HG00258	HG00258	1
HG00259	HG00259	1
HG00260	HG00260	1
HG00261	HG00261	1
HG00262	HG00262	1
HG00263	HG00263	1
HG00264	HG00264	1
HG00265	HG00265	1
HG00266	HG00266	1
HG00267	HG00267	1
HG00268	HG00268	1
HG00269	HG00269	1
HG00271	HG00271	1
HG00272	HG00272	1
HG00273	HG00273	1
HG00274	HG00274	1
HG00275	HG00275	1
HG00276	HG00276	1
HG00277	HG00277	1
HG00278	HG00278	1
HG00280	HG00280	1
HG00281	HG00281	1
HG00282	HG00282	1
HG00284	HG00284	1
HG00285	HG00285	1
HG00288	HG00288	1
HG00290	HG00290	1
HG00304	HG00304	1
HG00306	HG00306	1
HG00308	HG00308	1
HG00309	HG00309	1
HG00310	HG00310	1
HG00311	HG00311	1
HG00313	HG00313	1
HG00315	HG00315	1
HG00318	HG00318	1
HG00319	HG00319	1
HG00320	HG00320	1
HG00321	HG00321	1
HG00323	HG00323	1
HG00324	HG00324	1
HG00325	HG00325	1
HG00326	HG00326	1
HG00327	HG00327	1
HG00328	HG00328	1
HG00329	HG00329	1
HG00330	HG00330	1
HG00331	HG00331	1
HG00332	HG00332	1
HG00334	HG00334	1
HG00335	HG00335	1
HG00336	HG00336	1
HG00337	HG00337	1
HG00338	HG00338	1
HG00339	HG00339	1
HG00341	HG00341	1
HG00342	HG00342	1
HG00343	HG00343	1
HG00344	HG00344	1
HG00345	HG00345	1
HG00346	HG00346	1
HG00349	HG00349	1
HG00350	HG00350	1
HG00351	HG00351	1
HG00353	HG00353	1
HG00355	HG00355	1
HG00356	HG00356	1
HG00357	HG00357	1
HG00358	HG00358	1
HG00360	HG00360	1
HG00361	HG00361	1
HG00362	HG00362	1
HG00364	HG00364	1
HG00365	HG00365	1
HG00366	HG00366	1
HG00367	HG00367	1
HG00368	HG00368	1
HG00369	HG00369	1
HG00371	HG00371	1
HG00372	HG00372	1
HG00373	HG00373	1
HG00375	HG00375	1
HG00376	HG00376	1
HG00378	HG00378	1
HG00379	HG00379	1
HG00380	HG00380	1
HG00381	HG00381	1
HG00382	HG00382	1
HG00383	HG00383	1
HG00384	HG00384	1
HG00403	HG00403	3
HG00404	HG00404	3
HG00406	HG00406	3
HG00407	HG00407	3
HG00409	HG00409	3
HG00410	HG00410	3
HG00419	HG00419	3
HG00421	HG00421	3
HG00422	HG00422	3
HG00428	HG00428	3
HG00436	HG00436	3
HG00437	HG00437	3
HG00442	HG00442	3
HG00443	HG00443	3
HG00445	HG00445	3
HG00446	HG00446	3
HG00448	HG00448	3
HG00449	HG00449	3
HG00451	HG00451	3
HG00452	HG00452	3
HG00457	HG00457	3
HG00458	HG00458	3
HG00463	HG00463	3
HG00464	HG00464	3
HG00472	HG00472	3
HG00473	HG00473	3
HG00475	HG00475	3
HG00476	HG00476	3
HG00478	HG00478	3
HG00479	HG00479	3
HG00500	HG00500	3
HG00513	HG00513	3
HG00524	HG00524	3
HG00525	HG00525	3
HG00530	HG00530	3
HG00531	HG00531	3
HG00533	HG00533	3
HG00534	HG00534	3
HG00536	HG00536	3
HG00537	HG00537	3
HG00542	HG00542	3
HG00543	HG00543	3
HG00551	HG00551	4
HG00553	HG00553	4
HG00554	HG00554	4
HG00556	HG00556	3
HG00557	HG00557	3
HG00559	HG00559	3
HG00560	HG00560	3
HG00565	HG00565	3
HG00566	HG00566	3
HG00580	HG00580	3
HG00581	HG00581	3
HG00583	HG00583	3
HG00584	HG00584	3
HG00589	HG00589	3
HG00590	HG00590	3
HG00592	HG00592	3
HG00593	HG00593	3
HG00595	HG00595	3
HG00596	HG00596	3
HG00598	HG00598	3
HG00599	HG00599	3
HG00607	HG00607	3
HG00608	HG00608	3
HG00610	HG00610	3
HG00611	HG00611	3
HG00613	HG00613	3
HG00614	HG00614	3
HG00619	HG00619	3
HG00620	HG00620	3
HG00622	HG00622	3
HG00623	HG00623	3
HG00625	HG00625	3
HG00626	HG00626	3
HG00628	HG00628	3
HG00629	HG00629	3
HG00631	HG00631	3
HG00632	HG00632	3
HG00634	HG00634	3
HG00637	HG00637	4
HG00638	HG00638	4
HG00640	HG00640	4
HG00641	HG00641	4
HG00650	HG00650	3
HG00651	HG00651	3
HG00653	HG00653	3
HG00654	HG00654	3
HG00656	HG00656	3
HG00657	HG00657	3
HG00662	HG00662	3
HG00663	HG00663	3
HG00671	HG00671	3
HG00672	HG00672	3
HG00674	HG00674	3
HG00675	HG00675	3
HG00683	HG00683	3
HG00684	HG00684	3
HG00689	HG00689	3
HG00690	HG00690	3
HG00692	HG00692	3
HG00693	HG00693	3
HG00698	HG00698	3
HG00699	HG00699	3
HG00701	HG00701	3
HG00704	HG00704	3
HG00705	HG00705	3
HG00707	HG00707	3
HG00708	HG00708	3
HG00717	HG00717	3
HG00728	HG00728	3
HG00729	HG00729	3
HG00731	HG00731	4
HG00732	HG00732	4
HG00734	HG00734	4
HG00736	HG00736	4
HG00737	HG00737	4
HG00739	HG00739	4
HG00740	HG00740	4
HG00742	HG00742	4
HG00743	HG00743	4
HG00759	HG00759	3
HG00766	HG00766	3
HG00844	HG00844	3
HG00851	HG00851	3
HG00864	HG00864	3
HG00867	HG00867	3
HG00879	HG00879	3
HG00881	HG00881	3
HG00956	HG00956	3
HG00978	HG00978	3
HG00982	HG00982	3
HG01028	HG01028	3
HG01029	HG01029	3
HG01031	HG01031	3
HG01046	HG01046	3
HG01047	HG01047	4
HG01048	HG01048	4
HG01049	HG01049	4
HG01051	HG01051	4
HG01052	HG01052	4
HG01054	HG01054	4
HG01055	HG01055	4
HG01058	HG01058	4
HG01060	HG01060	4
HG01061	HG01061	4
HG01063	HG01063	4
HG01064	HG01064	4
HG01066	HG01066	4
HG01067	HG01067	4
HG01069	HG01069	4
HG01070	HG01070	4
HG01072	HG01072	4
HG01073	HG01073	4
HG01075	HG01075	4
HG01077	HG01077	4
HG01079	HG01079	4
HG01080	HG01080	4
HG01082	HG01082	4
HG01083	HG01083	4
HG01085	HG01085	4
HG01086	HG01086	4
HG01088	HG01088	4
HG01089	HG01089	4
HG01092	HG01092	4
HG01094	HG01094	4
HG01095	HG01095	4
HG01097	HG01097	4
HG01098	HG01098	4
HG01101	HG01101	4
HG01102	HG01102	4
HG01104	HG01104	4
HG01105	HG01105	4
HG01107	HG01107	4
HG01108	HG01108	4
HG01110	HG01110	4
HG01111	HG01111	4
HG01112	HG01112	4
HG01113	HG01113	4
HG01119	HG01119	4
HG01121	HG01121	4
HG01122	HG01122	4
HG01124	HG01124	4
HG01125	HG01125	4
HG01130	HG01130	4
HG01131	HG01131	4
HG01133	HG01133	4
HG01134	HG01134	4
HG01136	HG01136	4
HG01137	HG01137	4
HG01139	HG01139	4
HG01140	HG01140	4
HG01142	HG01142	4
HG01148	HG01148	4
HG01149	HG01149	4
HG01161	HG01161	4
HG01162	HG01162	4
HG01164	HG01164	4
HG01167	HG01167	4
HG01168	HG01168	4
HG01170	HG01170	4
HG01171	HG01171	4
HG01173	HG01173	4
HG01174	HG01174	4
HG01176	HG01176	4
HG01177	HG01177	4
HG01182	HG01182	4
HG01183	HG01183	4
HG01187	HG01187	4
HG01188	HG01188	4
HG01190	HG01190	4
HG01191	HG01191	4
HG01197	HG01197	4
HG01198	HG01198	4
HG01200	HG01200	4
HG01204	HG01204	4
HG01205	HG01205	4
HG01241	HG01241	4
HG01242	HG01242	4
HG01247	HG01247	4
HG01248	HG01248	4
HG01250	HG01250	4
HG01251	HG01251	4
HG01253	HG01253	4
HG01254	HG01254	4
HG01256	HG01256	4
HG01257	HG01257	4
HG01259	HG01259	4
HG01260	HG01260	4
HG01269	HG01269	4
HG01271	HG01271	4
HG01272	HG01272	4
HG01275	HG01275	4
HG01277	HG01277	4
HG01280	HG01280	4
HG01281	HG01281	4
HG01284	HG01284	4
HG01286	HG01286	4
HG01302	HG01302	4
HG01303	HG01303	4
HG01305	HG01305	4
HG01308	HG01308	4
HG01311	HG01311	4
HG01312	HG01312	4
HG01323	HG01323	4
HG01325	HG01325	4
HG01326	HG01326	4
HG01334	HG01334	1
HG01341	HG01341	4
HG01342	HG01342	4
HG01344	HG01344	4
HG01345	HG01345	4
HG01348	HG01348	4
HG01350	HG01350	4
HG01351	HG01351	4
HG01353	HG01353	4
HG01354	HG01354	4
HG01356	HG01356	4
HG01357	HG01357	4
HG01359	HG01359	4
HG01360	HG01360	4
HG01362	HG01362	4
HG01363	HG01363	4
HG01365	HG01365	4
HG01366	HG01366	4
HG01369	HG01369	4
HG01372	HG01372	4
HG01374	HG01374	4
HG01375	HG01375	4
HG01377	HG01377	4
HG01378	HG01378	4
HG01383	HG01383	4
HG01384	HG01384	4
HG01389	HG01389	4
HG01390	HG01390	4
HG01392	HG01392	4
HG01393	HG01393	4
HG01395	HG01395	4
HG01396	HG01396	4
HG01398	HG01398	4
HG01402	HG01402	4
HG01403	HG01403	4
HG01405	HG01405	4
HG01412	HG01412	4
HG01413	HG01413	4
HG01414	HG01414	4
HG01431	HG01431	4
HG01432	HG01432	4
HG01435	HG01435	4
HG01437	HG01437	4
HG01438	HG01438	4
HG01440	HG01440	4
HG01441	HG01441	4
HG01443	HG01443	4
HG01444	HG01444	4
HG01447	HG01447	4
HG01455	HG01455	4
HG01456	HG01456	4
HG01459	HG01459	4
HG01461	HG01461	4
HG01462	HG01462	4
HG01464	HG01464	4
HG01465	HG01465	4
HG01468	HG01468	4
HG01474	HG01474	4
HG01479	HG01479	4
HG01485	HG01485	4
HG01486	HG01486	4
HG01488	HG01488	4
HG01489	HG01489	4
HG01491	HG01491	4
HG01492	HG01492	4
HG01494	HG01494	4
HG01495	HG01495	4
HG01497	HG01497	4
HG01498	HG01498	4
HG01500	HG01500	1
HG01501	HG01501	1
HG01503	HG01503	1
HG01504	HG01504	1
HG01506	HG01506	1
HG01507	HG01507	1
HG01509	HG01509	1
HG01510	HG01510	1
HG01512	HG01512	1
HG01513	HG01513	1
HG01515	HG01515	1
HG01516	HG01516	1
HG01518	HG01518	1
HG01519	HG01519	1
HG01521	HG01521	1
HG01522	HG01522	1
HG01524	HG01524	1
HG01525	HG01525	1
HG01527	HG01527	1
HG01528	HG01528	1
HG01530	HG01530	1
HG01531	HG01531	1
HG01536	HG01536	1
HG01537	HG01537	1
HG01550	HG01550	4
HG01551	HG01551	4
HG01556	HG01556	4
HG01565	HG01565	4
HG01566	HG01566	4
HG01571	HG01571	4
HG01572	HG01572	4
HG01577	HG01577	4
HG01578	HG01578	4
HG01583	HG01583	2
HG01586	HG01586	2
HG01589	HG01589	2
HG01593	HG01593	2
HG01595	HG01595	3
HG01596	HG01596	3
HG01597	HG01597	3
HG01598	HG01598	3
HG01599	HG01599	3
HG01600	HG01600	3
HG01602	HG01602	1
HG01603	HG01603	1
HG01605	HG01605	1
HG01606	HG01606	1
HG01607	HG01607	1
HG01608	HG01608	1
HG01610	HG01610	1
HG01612	HG01612	1
HG01613	HG01613	1
HG01615	HG01615	1
HG01617	HG01617	1
HG01618	HG01618	1
HG01619	HG01619	1
HG01620	HG01620	1
HG01623	HG01623	1
HG01624	HG01624	1
HG01625	HG01625	1
HG01626	HG01626	1
HG01628	HG01628	1
HG01630	HG01630	1
HG01631	HG01631	1
HG01632	HG01632	1
HG01668	HG01668	1
HG01669	HG01669	1
HG01670	HG01670	1
HG01672	HG01672	1
HG01673	HG01673	1
HG01675	HG01675	1
HG01676	HG01676	1
HG01678	HG01678	1
HG01679	HG01679	1
HG01680	HG01680	1
HG01682	HG01682	1
HG01684	HG01684	1
HG01685	HG01685	1
HG01686	HG01686	1
HG01694	HG01694	1
HG01695	HG01695	1
HG01697	HG01697	1
HG01699	HG01699	1
HG01700	HG01700	1
HG01702	HG01702	1
HG01704	HG01704	1
HG01705	HG01705	1
HG01707	HG01707	1
HG01708	HG01708	1
HG01709	HG01709	1
HG01710	HG01710	1
HG01746	HG01746	1
HG01747	HG01747	1
HG01756	HG01756	1
HG01757	HG01757	1
HG01761	HG01761	1
HG01762	HG01762	1
HG01765	HG01765	1
HG01766	HG01766	1
HG01767	HG01767	1
HG01768	HG01768	1
HG01770	HG01770	1
HG01771	HG01771	1
HG01773	HG01773	1
HG01775	HG01775	1
HG01776	HG01776	1
HG01777	HG01777	1
HG01779	HG01779	1
HG01781	HG01781	1
HG01783	HG01783	1
HG01784	HG01784	1
HG01785	HG01785	1
HG01786	HG01786	1
HG01789	HG01789	1
HG01790	HG01790	1
HG01791	HG01791	1
HG01794	HG01794	3
HG01795	HG01795	3
HG01796	HG01796	3
HG01797	HG01797	3
HG01798	HG01798	3
HG01799	HG01799	3
HG01800	HG01800	3
HG01801	HG01801	3
HG01802	HG01802	3
HG01804	HG01804	3
HG01805	HG01805	3
HG01806	HG01806	3
HG01807	HG01807	3
HG01808	HG01808	3
HG01809	HG01809	3
HG01810	HG01810	3
HG01811	HG01811	3
HG01812	HG01812	3
HG01813	HG01813	3
HG01815	HG01815	3
HG01816	HG01816	3
HG01817	HG01817	3
HG01840	HG01840	3
HG01841	HG01841	3
HG01842	HG01842	3
HG01843	HG01843	3
HG01844	HG01844	3
HG01845	HG01845	3
HG01846	HG01846	3
HG01847	HG01847	3
HG01848	HG01848	3
HG01849	HG01849	3
HG01850	HG01850	3
HG01851	HG01851	3
HG01852	HG01852	3
HG01853	HG01853	3
HG01855	HG01855	3
HG01857	HG01857	3
HG01858	HG01858	3
HG01859	HG01859	3
HG01860	HG01860	3
HG01861	HG01861	3
HG01862	HG01862	3
HG01863	HG01863	3
HG01864	HG01864	3
HG01865	HG01865	3
HG01866	HG01866	3
HG01867	HG01867	3
HG01868	HG01868	3
HG01869	HG01869	3
HG01870	HG01870	3
HG01871	HG01871	3
HG01872	HG01872	3
HG01873	HG01873	3
HG01874	HG01874	3
HG01878	HG01878	3
HG01879	HG01879	0
HG01880	HG01880	0
HG01882	HG01882	0
HG01883	HG01883	0
HG01885	HG01885	0
HG01886	HG01886	0
HG01889	HG01889	0
HG01890	HG01890	0
HG01892	HG01892	4
HG01893	HG01893	4
HG01894	HG01894	0
HG01896	HG01896	0
HG01912	HG01912	0
HG01914	HG01914	0
HG01915	HG01915	0
HG01917	HG01917	4
HG01918	HG01918	4
HG01920	HG01920	4
HG01921	HG01921	4
HG01923	HG01923	4
HG01924	HG01924	4
HG01926	HG01926	4
HG01927	HG01927	4
HG01932	HG01932	4
HG01933	HG01933	4
HG01935	HG01935	4
HG01936	HG01936	4
HG01938	HG01938	4
HG01939	HG01939	4
HG01941	HG01941	4
HG01942	HG01942	4
HG01944	HG01944	4
HG01945	HG01945	4
HG01947	HG01947	4
HG01948	HG01948	4
HG01950	HG01950	4
HG01951	HG01951	4
HG01953	HG01953	4
HG01954	HG01954	4
HG01956	HG01956	0
HG01958	HG01958	0
HG01961	HG01961	4
HG01965	HG01965	4
HG01967	HG01967	4
HG01968	HG01968	4
HG01970	HG01970	4
HG01971	HG01971	4
HG01973	HG01973	4
HG01974	HG01974	4
HG01976	HG01976	4
HG01977	HG01977	4
HG01979	HG01979	4
HG01980	HG01980	4
HG01982	HG01982	4
HG01985	HG01985	0
HG01986	HG01986	0
HG01988	HG01988	0
HG01989	HG01989	0
HG01990	HG01990	0
HG01991	HG01991	4
HG01992	HG01992	4
HG01997	HG01997	4
HG02002	HG02002	4
HG02003	HG02003	4
HG02006	HG02006	4
HG02008	HG02008	4
HG02009	HG02009	0
HG02010	HG02010	0
HG02012	HG02012	0
HG02013	HG02013	0
HG02014	HG02014	0
HG02016	HG02016	3
HG02017	HG02017	3
HG02019	HG02019	3
HG02020	HG02020	3
HG02023	HG02023	3
HG02025	HG02025	3
HG02026	HG02026	3
HG02028	HG02028	3
HG02029	HG02029	3
HG02031	HG02031	3
HG02032	HG02032	3
HG02035	HG02035	3
HG02040	HG02040	3
HG02047	HG02047	3
HG02048	HG02048	3
HG02049	HG02049	3
HG02050	HG02050	3
HG02051	HG02051	0
HG02052	HG02052	0
HG02053	HG02053	0
HG02054	HG02054	0
HG02057	HG02057	3
HG02058	HG02058	3
HG02060	HG02060	3
HG02061	HG02061	3
HG02064	HG02064	3
HG02067	HG02067	3
HG02069	HG02069	3
HG02070	HG02070	3
HG02072	HG02072	3
HG02073	HG02073	3
HG02075	HG02075	3
HG02076	HG02076	3
HG02078	HG02078	3
HG02079	HG02079	3
HG02081	HG02081	3
HG02082	HG02082	3
HG02084	HG02084	3
HG02085	HG02085	3
HG02086	HG02086	3
HG02087	HG02087	3
HG02088	HG02088	3
HG02089	HG02089	4
HG02090	HG02090	4
HG02095	HG02095	0
HG02102	HG02102	4
HG02104	HG02104	4
HG02105	HG02105	4
HG02107	HG02107	0
HG02108	HG02108	0
HG02111	HG02111	0
HG02113	HG02113	3
HG02116	HG02116	3
HG02121	HG02121	3
HG02122	HG02122	3
HG02127	HG02127	3
HG02128	HG02128	3
HG02130	HG02130	3
HG02131	HG02131	3
HG02133	HG02133	3
HG02134	HG02134	3
HG02136	HG02136	3
HG02137	HG02137	3
HG02138	HG02138	3
HG02139	HG02139	3
HG02140	HG02140	3
HG02141	HG02141	3
HG02142	HG02142	3
HG02143	HG02143	0
HG02144	HG02144	0
HG02146	HG02146	4
HG02147	HG02147	4
HG02150	HG02150	4
HG02151	HG02151	3
HG02152	HG02152	3
HG02153	HG02153	3
HG02154	HG02154	3
HG02155	HG02155	3
HG02156	HG02156	3
HG02164	HG02164	3
HG02165	HG02165	3
HG02166	HG02166	3
HG02178	HG02178	3
HG02179	HG02179	3
HG02180	HG02180	3
HG02181	HG02181	3
HG02182	HG02182	3
HG02184	HG02184	3
HG02185	HG02185	3
HG02186	HG02186	3
HG02187	HG02187	3
HG02188	HG02188	3
HG02190	HG02190	3
HG02215	HG02215	1
HG02219	HG02219	1
HG02220	HG02220	1
HG02221	HG02221	1
HG02223	HG02223	1
HG02224	HG02224	1
HG02230	HG02230	1
HG02231	HG02231	1
HG02232	HG02232	1
HG02233	HG02233	1
HG02235	HG02235	1
HG02236	HG02236	1
HG02238	HG02238	1
HG02239	HG02239	1
HG02250	HG02250	3
HG02252	HG02252	4
HG02253	HG02253	4
HG02255	HG02255	0
HG02256	HG02256	0
HG02259	HG02259	4
HG02260	HG02260	4
HG02262	HG02262	4
HG02265	HG02265	4
HG02266	HG02266	4
HG02271	HG02271	4
HG02272	HG02272	4
HG02274	HG02274	4
HG02275	HG02275	4
HG02277	HG02277	4
HG02278	HG02278	4
HG02281	HG02281	0
HG02282	HG02282	0
HG02283	HG02283	0
HG02284	HG02284	0
HG02285	HG02285	4
HG02286	HG02286	4
HG02291	HG02291	4
HG02292	HG02292	4
HG02298	HG02298	4
HG02299	HG02299	4
HG02301	HG02301	4
HG02304	HG02304	4
HG02307	HG02307	0
HG02308	HG02308	0
HG02309	HG02309	0
HG02312	HG02312	4
HG02314	HG02314	0
HG02315	HG02315	0
HG02317	HG02317	0
HG02318	HG02318	0
HG02322	HG02322	0
HG02323	HG02323	0
HG02325	HG02325	0
HG02330	HG02330	0
HG02332	HG02332	0
HG02334	HG02334	0
HG02337	HG02337	0
HG02339	HG02339	0
HG02343	HG02343	0
HG02345	HG02345	4
HG02348	HG02348	4
HG02351	HG02351	3
HG02353	HG02353	3
HG02355	HG02355	3
HG02356	HG02356	3
HG02360	HG02360	3
HG02364	HG02364	3
HG02367	HG02367	3
HG02371	HG02371	3
HG02373	HG02373	3
HG02374	HG02374	3
HG02375	HG02375	3
HG02379	HG02379	3
HG02380	HG02380	3
HG02382	HG02382	3
HG02383	HG02383	3
HG02384	HG02384	3
HG02385	HG02385	3
HG02386	HG02386	3
HG02389	HG02389	3
HG02390	HG02390	3
HG02391	HG02391	3
HG02392	HG02392	3
HG02394	HG02394	3
HG02395	HG02395	3
HG02396	HG02396	3
HG02397	HG02397	3
HG02398	HG02398	3
HG02399	HG02399	3
HG02401	HG02401	3
HG02402	HG02402	3
HG02406	HG02406	3
HG02407	HG02407	3
HG02408	HG02408	3
HG02409	HG02409	3
HG02410	HG02410	3
HG02419	HG02419	0
HG02420	HG02420	0
HG02425	HG02425	4
HG02427	HG02427	0
HG02429	HG02429	0
HG02433	HG02433	0
HG02439	HG02439	0
HG02442	HG02442	0
HG02445	HG02445	0
HG02449	HG02449	0
HG02450	HG02450	0
HG02455	HG02455	0
HG02461	HG02461	0
HG02462	HG02462	0
HG02464	HG02464	0
HG02465	HG02465	0
HG02470	HG02470	0
HG02471	HG02471	0
HG02476	HG02476	0
HG02477	HG02477	0
HG02479	HG02479	0
HG02481	HG02481	0
HG02484	HG02484	0
HG02485	HG02485	0
HG02489	HG02489	0
HG02490	HG02490	2
HG02491	HG02491	2
HG02493	HG02493	2
HG02494	HG02494	2
HG02496	HG02496	0
HG02497	HG02497	0
HG02501	HG02501	0
HG02502	HG02502	0
HG02505	HG02505	0
HG02508	HG02508	0
HG02511	HG02511	0
HG02512	HG02512	3
HG02513	HG02513	3
HG02521	HG02521	3
HG02522	HG02522	3
HG02536	HG02536	0
HG02537	HG02537	0
HG02541	HG02541	0
HG02545	HG02545	0
HG02546	HG02546	0
HG02549	HG02549	0
HG02554	HG02554	0
HG02555	HG02555	0
HG02557	HG02557	0
HG02558	HG02558	0
HG02561	HG02561	0
HG02562	HG02562	0
HG02568	HG02568	0
HG02570	HG02570	0
HG02571	HG02571	0
HG02573	HG02573	0
HG02574	HG02574	0
HG02577	HG02577	0
HG02580	HG02580	0
HG02582	HG02582	0
HG02583	HG02583	0
HG02585	HG02585	0
HG02586	HG02586	0
HG02588	HG02588	0
HG02589	HG02589	0
HG02594	HG02594	0
HG02595	HG02595	0
HG02597	HG02597	2
HG02600	HG02600	2
HG02601	HG02601	2
HG02603	HG02603	2
HG02604	HG02604	2
HG02610	HG02610	0
HG02611	HG02611	0
HG02613	HG02613	0
HG02614	HG02614	0
HG02620	HG02620	0
HG02621	HG02621	0
HG02623	HG02623	0
HG02624	HG02624	0
HG02628	HG02628	0
HG02629	HG02629	0
HG02634	HG02634	0
HG02635	HG02635	0
HG02642	HG02642	0
HG02643	HG02643	0
HG02645	HG02645	0
HG02646	HG02646	0
HG02648	HG02648	2
HG02649	HG02649	2
HG02651	HG02651	2
HG02652	HG02652	2
HG02654	HG02654	2
HG02655	HG02655	2
HG02657	HG02657	2
HG02658	HG02658	2
HG02660	HG02660	2
HG02661	HG02661	2
HG02666	HG02666	0
HG02667	HG02667	0
HG02675	HG02675	0
HG02676	HG02676	0
HG02678	HG02678	0
HG02679	HG02679	0
HG02681	HG02681	2
HG02682	HG02682	2
HG02684	HG02684	2
HG02685	HG02685	2
HG02687	HG02687	2
HG02688	HG02688	2
HG02690	HG02690	2
HG02691	HG02691	2
HG02694	HG02694	2
HG02696	HG02696	2
HG02697	HG02697	2
HG02699	HG02699	2
HG02700	HG02700	2
HG02702	HG02702	0
HG02703	HG02703	0
HG02715	HG02715	0
HG02716	HG02716	0
HG02721	HG02721	0
HG02722	HG02722	0
HG02724	HG02724	2
HG02725	HG02725	2
HG02727	HG02727	2
HG02728	HG02728	2
HG02731	HG02731	2
HG02733	HG02733	2
HG02734	HG02734	2
HG02736	HG02736	2
HG02737	HG02737	2
HG02756	HG02756	0
HG02757	HG02757	0
HG02759	HG02759	0
HG02760	HG02760	0
HG02763	HG02763	0
HG02768	HG02768	0
HG02769	HG02769	0
HG02771	HG02771	0
HG02772	HG02772	0
HG02774	HG02774	2
HG02775	HG02775	2
HG02778	HG02778	2
HG02780	HG02780	2
HG02783	HG02783	2
HG02784	HG02784	2
HG02786	HG02786	2
HG02787	HG02787	2
HG02789	HG02789	2
HG02790	HG02790	2
HG02792	HG02792	2
HG02793	HG02793	2
HG02798	HG02798	0
HG02799	HG02799	0
HG02804	HG02804	0
HG02805	HG02805	0
HG02807	HG02807	0
HG02808	HG02808	0
HG02810	HG02810	0
HG02811	HG02811	0
HG02813	HG02813	0
HG02814	HG02814	0
HG02816	HG02816	0
HG02817	HG02817	0
HG02819	HG02819	0
HG02820	HG02820	0
HG02836	HG02836	0
HG02837	HG02837	0
HG02839	HG02839	0
HG02840	HG02840	0
HG02851	HG02851	0
HG02852	HG02852	0
HG02854	HG02854	0
HG02855	HG02855	0
HG02860	HG02860	0
HG02861	HG02861	0
HG02870	HG02870	0
HG02878	HG02878	0
HG02879	HG02879	0
HG02881	HG02881	0
HG02882	HG02882	0
HG02884	HG02884	0
HG02885	HG02885	0
HG02887	HG02887	0
HG02888	HG02888	0
HG02890	HG02890	0
HG02891	HG02891	0
HG02895	HG02895	0
HG02896	HG02896	0
HG02922	HG02922	0
HG02923	HG02923	0
HG02938	HG02938	0
HG02941	HG02941	0
HG02943	HG02943	0
HG02944	HG02944	0
HG02946	HG02946	0
HG02947	HG02947	0
HG02952	HG02952	0
HG02953	HG02953	0
HG02968	HG02968	0
HG02970	HG02970	0
HG02971	HG02971	0
HG02973	HG02973	0
HG02974	HG02974	0
HG02976	HG02976	0
HG02977	HG02977	0
HG02979	HG02979	0
HG02981	HG02981	0
HG02982	HG02982	0
HG02983	HG02983	0
HG03006	HG03006	2
HG03007	HG03007	2
HG03009	HG03009	2
HG03012	HG03012	2
HG03015	HG03015	2
HG03016	HG03016	2
HG03018	HG03018	2
HG03019	HG03019	2
HG03021	HG03021	2
HG03022	HG03022	2
HG03024	HG03024	0
HG03025	HG03025	0
HG03027	HG03027	0
HG03028	HG03028	0
HG03039	HG03039	0
HG03040	HG03040	0
HG03045	HG03045	0
HG03046	HG03046	0
HG03048	HG03048	0
HG03049	HG03049	0
HG03052	HG03052	0
HG03054	HG03054	0
HG03055	HG03055	0
HG03057	HG03057	0
HG03058	HG03058	0
HG03060	HG03060	0
HG03061	HG03061	0
HG03063	HG03063	0
HG03064	HG03064	0
HG03066	HG03066	0
HG03069	HG03069	0
HG03072	HG03072	0
HG03073	HG03073	0
HG03074	HG03074	0
HG03077	HG03077	0
HG03078	HG03078	0
HG03079	HG03079	0
HG03081	HG03081	0
HG03082	HG03082	0
HG03084	HG03084	0
HG03085	HG03085	0
HG03086	HG03086	0
HG03088	HG03088	0
HG03091	HG03091	0
HG03095	HG03095	0
HG03096	HG03096	0
HG03097	HG03097	0
HG03099	HG03099	0
HG03100	HG03100	0
HG03103	HG03103	0
HG03105	HG03105	0
HG03108	HG03108	0
HG03109	HG03109	0
HG03111	HG03111	0
HG03112	HG03112	0
HG03114	HG03114	0
HG03115	HG03115	0
HG03117	HG03117	0
HG03118	HG03118	0
HG03120	HG03120	0
HG03121	HG03121	0
HG03123	HG03123	0
HG03124	HG03124	0
HG03126	HG03126	0
HG03127	HG03127	0
HG03129	HG03129	0
HG03130	HG03130	0
HG03132	HG03132	0
HG03133	HG03133	0
HG03135	HG03135	0
HG03136	HG03136	0
HG03139	HG03139	0
HG03157	HG03157	0
HG03159	HG03159	0
HG03160	HG03160	0
HG03162	HG03162	0
HG03163	HG03163	0
HG03166	HG03166	0
HG03168	HG03168	0
HG03169	HG03169	0
HG03172	HG03172	0
HG03175	HG03175	0
HG03189	HG03189	0
HG03190	HG03190	0
HG03193	HG03193	0
HG03195	HG03195	0
HG03196	HG03196	0
HG03198	HG03198	0
HG03199	HG03199	0
HG03202	HG03202	0
HG03209	HG03209	0
HG03212	HG03212	0
HG03224	HG03224	0
HG03225	HG03225	0
HG03228	HG03228	2
HG03229	HG03229	2
HG03234	HG03234	2
HG03235	HG03235	2
HG03237	HG03237	2
HG03238	HG03238	2
HG03240	HG03240	0
HG03241	HG03241	0
HG03246	HG03246	0
HG03247	HG03247	0
HG03258	HG03258	0
HG03259	HG03259	0
HG03265	HG03265	0
HG03267	HG03267	0
HG03268	HG03268	0
HG03270	HG03270	0
HG03271	HG03271	0
HG03279	HG03279	0
HG03280	HG03280	0
HG03291	HG03291	0
HG03294	HG03294	0
HG03295	HG03295	0
HG03297	HG03297	0
HG03298	HG03298	0
HG03300	HG03300	0
HG03301	HG03301	0
HG03303	HG03303	0
HG03304	HG03304	0
HG03311	HG03311	0
HG03313	HG03313	0
HG03342	HG03342	0
HG03343	HG03343	0
HG03351	HG03351	0
HG03352	HG03352	0
HG03354	HG03354	0
HG03363	HG03363	0
HG03366	HG03366	0
HG03367	HG03367	0
HG03369	HG03369	0
HG03370	HG03370	0
HG03372	HG03372	0
HG03376	HG03376	0
HG03378	HG03378	0
HG03380	HG03380	0
HG03382	HG03382	0
HG03385	HG03385	0
HG03388	HG03388	0
HG03391	HG03391	0
HG03394	HG03394	0
HG03397	HG03397	0
HG03401	HG03401	0
HG03410	HG03410	0
HG03419	HG03419	0
HG03428	HG03428	0
HG03432	HG03432	0
HG03433	HG03433	0
HG03436	HG03436	0
HG03437	HG03437	0
HG03439	HG03439	0
HG03442	HG03442	0
HG03445	HG03445	0
HG03446	HG03446	0
HG03449	HG03449	0
HG03451	HG03451	0
HG03452	HG03452	0
HG03455	HG03455	0
HG03457	HG03457	0
HG03458	HG03458	0
HG03460	HG03460	0
HG03461	HG03461	0
HG03464	HG03464	0
HG03469	HG03469	0
HG03470	HG03470	0
HG03472	HG03472	0
HG03473	HG03473	0
HG03476	HG03476	0
HG03478	HG03478	0
HG03479	HG03479	0
HG03484	HG03484	0
HG03485	HG03485	0
HG03488	HG03488	2
HG03490	HG03490	2
HG03491	HG03491	2
HG03499	HG03499	0
HG03511	HG03511	0
HG03514	HG03514	0
HG03515	HG03515	0
HG03517	HG03517	0
HG03518	HG03518	0
HG03520	HG03520	0
HG03521	HG03521	0
HG03538	HG03538	0
HG03539	HG03539	0
HG03547	HG03547	0
HG03548	HG03548	0
HG03556	HG03556	0
HG03557	HG03557	0
HG03558	HG03558	0
HG03559	HG03559	0
HG03563	HG03563	0
HG03565	HG03565	0
HG03567	HG03567	0
HG03571	HG03571	0
HG03572	HG03572	0
HG03575	HG03575	0
HG03577	HG03577	0
HG03578	HG03578	0
HG03583	HG03583	0
HG03585	HG03585	2
HG03589	HG03589	2
HG03593	HG03593	2
HG03594	HG03594	2
HG03595	HG03595	2
HG03598	HG03598	2
HG03600	HG03600	2
HG03603	HG03603	2
HG03604	HG03604	2
HG03607	HG03607	2
HG03611	HG03611	2
HG03615	HG03615	2
HG03616	HG03616	2
HG03619	HG03619	2
HG03624	HG03624	2
HG03625	HG03625	2
HG03629	HG03629	2
HG03631	HG03631	2
HG03634	HG03634	2
HG03636	HG03636	2
HG03640	HG03640	2
HG03642	HG03642	2
HG03643	HG03643	2
HG03644	HG03644	2
HG03645	HG03645	2
HG03646	HG03646	2
HG03649	HG03649	2
HG03652	HG03652	2
HG03653	HG03653	2
HG03660	HG03660	2
HG03663	HG03663	2
HG03667	HG03667	2
HG03668	HG03668	2
HG03672	HG03672	2
HG03673	HG03673	2
HG03679	HG03679	2
HG03680	HG03680	2
HG03681	HG03681	2
HG03684	HG03684	2
HG03685	HG03685	2
HG03686	HG03686	2
HG03687	HG03687	2
HG03689	HG03689	2
HG03690	HG03690	2
HG03691	HG03691	2
HG03692	HG03692	2
HG03693	HG03693	2
HG03694	HG03694	2
HG03695	HG03695	2
HG03696	HG03696	2
HG03697	HG03697	2
HG03698	HG03698	2
HG03702	HG03702	2
HG03703	HG03703	2
HG03705	HG03705	2
HG03706	HG03706	2
HG03708	HG03708	2
HG03709	HG03709	2
HG03711	HG03711	2
HG03713	HG03713	2
HG03714	HG03714	2
HG03716	HG03716	2
HG03717	HG03717	2
HG03718	HG03718	2
HG03720	HG03720	2
HG03722	HG03722	2
HG03727	HG03727	2
HG03729	HG03729	2
HG03730	HG03730	2
HG03731	HG03731	2
HG03733	HG03733	2
HG03736	HG03736	2
HG03738	HG03738	2
HG03740	HG03740	2
HG03741	HG03741	2
HG03742	HG03742	2
HG03743	HG03743	2
HG03744	HG03744	2
HG03745	HG03745	2
HG03746	HG03746	2
HG03750	HG03750	2
HG03752	HG03752	2
HG03753	HG03753	2
HG03754	HG03754	2
HG03755	HG03755	2
HG03756	HG03756	2
HG03757	HG03757	2
HG03760	HG03760	2
HG03762	HG03762	2
HG03765	HG03765	2
HG03767	HG03767	2
HG03770	HG03770	2
HG03771	HG03771	2
HG03772	HG03772	2
HG03773	HG03773	2
HG03774	HG03774	2
HG03775	HG03775	2
HG03777	HG03777	2
HG03778	HG03778	2
HG03779	HG03779	2
HG03780	HG03780	2
HG03781	HG03781	2
HG03782	HG03782	2
HG03784	HG03784	2
HG03785	HG03785	2
HG03786	HG03786	2
HG03787	HG03787	2
HG03788	HG03788	2
HG03789	HG03789	2
HG03790	HG03790	2
HG03792	HG03792	2
HG03793	HG03793	2
HG03796	HG03796	2
HG03800	HG03800	2
HG03802	HG03802	2
HG03803	HG03803	2
HG03805	HG03805	2
HG03808	HG03808	2
HG03809	HG03809	2
HG03812	HG03812	2
HG03814	HG03814	2
HG03815	HG03815	2
HG03817	HG03817	2
HG03821	HG03821	2
HG03823	HG03823	2
HG03824	HG03824	2
HG03826	HG03826	2
HG03829	HG03829	2
HG03830	HG03830	2
HG03832	HG03832	2
HG03833	HG03833	2
HG03836	HG03836	2
HG03837	HG03837	2
HG03838	HG03838	2
HG03844	HG03844	2
HG03846	HG03846	2
HG03848	HG03848	2
HG03849	HG03849	2
HG03850	HG03850	2
HG03851	HG03851	2
HG03854	HG03854	2
HG03856	HG03856	2
HG03857	HG03857	2
HG03858	HG03858	2
HG03861	HG03861	2
HG03862	HG03862	2
HG03863	HG03863	2
HG03864	HG03864	2
HG03866	HG03866	2
HG03867	HG03867	2
HG03868	HG03868	2
HG03869	HG03869	2
HG03870	HG03870	2
HG03871	HG03871	2
HG03872	HG03872	2
HG03873	HG03873	2
HG03874	HG03874	2
HG03875	HG03875	2
HG03882	HG03882	2
HG03884	HG03884	2
HG03885	HG03885	2
HG03886	HG03886	2
HG03887	HG03887	2
HG03888	HG03888	2
HG03890	HG03890	2
HG03894	HG03894	2
HG03895	HG03895	2
HG03896	HG03896	2
HG03897	HG03897	2
HG03898	HG03898	2
HG03899	HG03899	2
HG03900	HG03900	2
HG03902	HG03902	2
HG03905	HG03905	2
HG03907	HG03907	2
HG03908	HG03908	2
HG03910	HG03910	2
HG03911	HG03911	2
HG03913	HG03913	2
HG03914	HG03914	2
HG03916	HG03916	2
HG03917	HG03917	2
HG03919	HG03919	2
HG03920	HG03920	2
HG03922	HG03922	2
HG03925	HG03925	2
HG03926	HG03926	2
HG03928	HG03928	2
HG03931	HG03931	2
HG03934	HG03934	2
HG03937	HG03937	2
HG03940	HG03940	2
HG03941	HG03941	2
HG03943	HG03943	2
HG03944	HG03944	2
HG03945	HG03945	2
HG03947	HG03947	2
HG03949	HG03949	2
HG03950	HG03950	2
HG03951	HG03951	2
HG03953	HG03953	2
HG03955	HG03955	2
HG03960	HG03960	2
HG03963	HG03963	2
HG03965	HG03965	2
HG03967	HG03967	2
HG03968	HG03968	2
HG03969	HG03969	2
HG03971	HG03971	2
HG03973	HG03973	2
HG03974	HG03974	2
HG03976	HG03976	2
HG03977	HG03977	2
HG03978	HG03978	2
HG03985	HG03985	2
HG03986	HG03986	2
HG03989	HG03989	2
HG03990	HG03990	2
HG03991	HG03991	2
HG03995	HG03995	2
HG03998	HG03998	2
HG03999	HG03999	2
HG04001	HG04001	2
HG04002	HG04002	2
HG04003	HG04003	2
HG04006	HG04006	2
HG04014	HG04014	2
HG04015	HG04015	2
HG04017	HG04017	2
HG04018	HG04018	2
HG04019	HG04019	2
HG04020	HG04020	2
HG04022	HG04022	2
HG04023	HG04023	2
HG04025	HG04025	2
HG04026	HG04026	2
HG04029	HG04029	2
HG04033	HG04033	2
HG04035	HG04035	2
HG04038	HG04038	2
HG04039	HG04039	2
HG04042	HG04042	2
HG04047	HG04047	2
HG04054	HG04054	2
HG04056	HG04056	2
HG04059	HG04059	2
HG04060	HG04060	2
HG04061	HG04061	2
HG04062	HG04062	2
HG04063	HG04063	2
HG04070	HG04070	2
HG04075	HG04075	2
HG04076	HG04076	2
HG04080	HG04080	2
HG04090	HG04090	2
HG04093	HG04093	2
HG04094	HG04094	2
HG04096	HG04096	2
HG04098	HG04098	2
HG04099	HG04099	2
HG04100	HG04100	2
HG04106	HG04106	2
HG04107	HG04107	2
HG04118	HG04118	2
HG04131	HG04131	2
HG04134	HG04134	2
HG04140	HG04140	2
HG04141	HG04141	2
HG04144	HG04144	2
HG04146	HG04146	2
HG04152	HG04152	2
HG04153	HG04153	2
HG04155	HG04155	2
HG04156	HG04156	2
HG04158	HG04158	2
HG04159	HG04159	2
HG04161	HG04161	2
HG04162	HG04162	2
HG04164	HG04164	2
HG04171	HG04171	2
HG04173	HG04173	2
HG04176	HG04176	2
HG04177	HG04177	2
HG04180	HG04180	2
HG04182	HG04182	2
HG04183	HG04183	2
HG04185	HG04185	2
HG04186	HG04186	2
HG04188	HG04188	2
HG04189	HG04189	2
HG04194	HG04194	2
HG04195	HG04195	2
HG04198	HG04198	2
HG04200	HG04200	2
HG04202	HG04202	2
HG04206	HG04206	2
HG04209	HG04209	2
HG04210	HG04210	2
HG04211	HG04211	2
HG04212	HG04212	2
HG04214	HG04214	2
HG04216	HG04216	2
HG04219	HG04219	2
HG04222	HG04222	2
HG04225	HG04225	2
HG04227	HG04227	2
HG04229	HG04229	2
HG04235	HG04235	2
HG04238	HG04238	2
HG04239	HG04239	2
NA06984	NA06984	1
NA06985	NA06985	1
NA06986	NA06986	1
NA06989	NA06989	1
NA06994	NA06994	1
NA07000	NA07000	1
NA07037	NA07037	1
NA07048	NA07048	1
NA07051	NA07051	1
NA07056	NA07056	1
NA07347	NA07347	1
NA07357	NA07357	1
NA10847	NA10847	1
NA10851	NA10851	1
NA11829	NA11829	1
NA11830	NA11830	1
NA11831	NA11831	1
NA11832	NA11832	1
NA11840	NA11840	1
NA11843	NA11843	1
NA11881	NA11881	1
NA11892	NA11892	1
NA11893	NA11893	1
NA11894	NA11894	1
NA11918	NA11918	1
NA11919	NA11919	1
NA11920	NA11920	1
NA11930	NA11930	1
NA11931	NA11931	1
NA11932	NA11932	1
NA11933	NA11933	1
NA11992	NA11992	1
NA11994	NA11994	1
NA11995	NA11995	1
NA12003	NA12003	1
NA12004	NA12004	1
NA12005	NA12005	1
NA12006	NA12006	1
NA12043	NA12043	1
NA12044	NA12044	1
NA12045	NA12045	1
NA12046	NA12046	1
NA12058	NA12058	1
NA12144	NA12144	1
NA12154	NA12154	1
NA12155	NA12155	1
NA12156	NA12156	1
NA12234	NA12234	1
NA12249	NA12249	1
NA12272	NA12272	1
NA12273	NA12273	1
NA12275	NA12275	1
NA12282	NA12282	1
NA12283	NA12283	1
NA12286	NA12286	1
NA12287	NA12287	1
NA12340	NA12340	1
NA12341	NA12341	1
NA12342	NA12342	1
NA12347	NA12347	1
NA12348	NA12348	1
NA12383	NA12383	1
NA12399	NA12399	1
NA12400	NA12400	1
NA12413	NA12413	1
NA12414	NA12414	1
NA12489	NA12489	1
NA12546	NA12546	1
NA12716	NA12716	1
NA12717	NA12717	1
NA12718	NA12718	1
NA12748	NA12748	1
NA12749	NA12749	1
NA12750	NA12750	1
NA12751	NA12751	1
NA12760	NA12760	1
NA12761	NA12761	1
NA12762	NA12762	1
NA12763	NA12763	1
NA12775	NA12775	1
NA12776	NA12776	1
NA12777	NA12777	1
NA12778	NA12778	1
NA12812	NA12812	1
NA12813	NA12813	1
NA12814	NA12814	1
NA12815	NA12815	1
NA12827	NA12827	1
NA12828	NA12828	1
NA12829	NA12829	1
NA12830	NA12830	1
NA12842	NA12842	1
NA12843	NA12843	1
NA12872	NA12872	1
NA12873	NA12873	1
NA12874	NA12874	1
NA12878	NA12878	1
NA12889	NA12889	1
NA12890	NA12890	1
NA18486	NA18486	0
NA18488	NA18488	0
NA18489	NA18489	0
NA18498	NA18498	0
NA18499	NA18499	0
NA18501	NA18501	0
NA18502	NA18502	0
NA18504	NA18504	0
NA18505	NA18505	0
NA18507	NA18507	0
NA18508	NA18508	0
NA18510	NA18510	0
NA18511	NA18511	0
NA18516	NA18516	0
NA18517	NA18517	0
NA18519	NA18519	0
NA18520	NA18520	0
NA18522	NA18522	0
NA18523	NA18523	0
NA18525	NA18525	3
NA18526	NA18526	3
NA18528	NA18528	3
NA18530	NA18530	3
NA18531	NA18531	3
NA18532	NA18532	3
NA18533	NA18533	3
NA18534	NA18534	3
NA18535	NA18535	3
NA18536	NA18536	3
NA18537	NA18537	3
NA18538	NA18538	3
NA18539	NA18539	3
NA18541	NA18541	3
NA18542	NA18542	3
NA18543	NA18543	3
NA18544	NA18544	3
NA18545	NA18545	3
NA18546	NA18546	3
NA18547	NA18547	3
NA18548	NA18548	3
NA18549	NA18549	3
NA18550	NA18550	3
NA18552	NA18552	3
NA18553	NA18553	3
NA18555	NA18555	3
NA18557	NA18557	3
NA18558	NA18558	3
NA18559	NA18559	3
NA18560	NA18560	3
NA18561	NA18561	3
NA18562	NA18562	3
NA18563	NA18563	3
NA18564	NA18564	3
NA18565	NA18565	3
NA18566	NA18566	3
NA18567	NA18567	3
NA18570	NA18570	3
NA18571	NA18571	3
NA18572	NA18572	3
NA18573	NA18573	3
NA18574	NA18574	3
NA18577	NA18577	3
NA18579	NA18579	3
NA18582	NA18582	3
NA18591	NA18591	3
NA18592	NA18592	3
NA18593	NA18593	3
NA18595	NA18595	3
NA18596	NA18596	3
NA18597	NA18597	3
NA18599	NA18599	3
NA18602	NA18602	3
NA18603	NA18603	3
NA18605	NA18605	3
NA18606	NA18606	3
NA18608	NA18608	3
NA18609	NA18609	3
NA18610	NA18610	3
NA18611	NA18611	3
NA18612	NA18612	3
NA18613	NA18613	3
NA18614	NA18614	3
NA18615	NA18615	3
NA18616	NA18616	3
NA18617	NA18617	3
NA18618	NA18618	3
NA18619	NA18619	3
NA18620	NA18620	3
NA18621	NA18621	3
NA18622	NA18622	3
NA18623	NA18623	3
NA18624	NA18624	3
NA18625	NA18625	3
NA18626	NA18626	3
NA18627	NA18627	3
NA18628	NA18628	3
NA18629	NA18629	3
NA18630	NA18630	3
NA18631	NA18631	3
NA18632	NA18632	3
NA18633	NA18633	3
NA18634	NA18634	3
NA18635	NA18635	3
NA18636	NA18636	3
NA18637	NA18637	3
NA18638	NA18638	3
NA18639	NA18639	3
NA18640	NA18640	3
NA18641	NA18641	3
NA18642	NA18642	3
NA18643	NA18643	3
NA18644	NA18644	3
NA18645	NA18645	3
NA18646	NA18646	3
NA18647	NA18647	3
NA18648	NA18648	3
NA18740	NA18740	3
NA18745	NA18745	3
NA18747	NA18747	3
NA18748	NA18748	3
NA18749	NA18749	3
NA18757	NA18757	3
NA18853	NA18853	0
NA18856	NA18856	0
NA18858	NA18858	0
NA18861	NA18861	0
NA18864	NA18864	0
NA18865	NA18865	0
NA18867	NA18867	0
NA18868	NA18868	0
NA18870	NA18870	0
NA18871	NA18871	0
NA18873	NA18873	0
NA18874	NA18874	0
NA18876	NA18876	0
NA18877	NA18877	0
NA18878	NA18878	0
NA18879	NA18879	0
NA18881	NA18881	0
NA18907	NA18907	0
NA18908	NA18908	0
NA18909	NA18909	0
NA18910	NA18910	0
NA18912	NA18912	0
NA18915	NA18915	0
NA18916	NA18916	0
NA18917	NA18917	0
NA18923	NA18923	0
NA18924	NA18924	0
NA18933	NA18933	0
NA18934	NA18934	0
NA18939	NA18939	3
NA18940	NA18940	3
NA18941	NA18941	3
NA18942	NA18942	3
NA18943	NA18943	3
NA18944	NA18944	3
NA18945	NA18945	3
NA18946	NA18946	3
NA18947	NA18947	3
NA18948	NA18948	3
NA18949	NA18949	3
NA18950	NA18950	3
NA18951	NA18951	3
NA18952	NA18952	3
NA18953	NA18953	3
NA18954	NA18954	3
NA18956	NA18956	3
NA18957	NA18957	3
NA18959	NA18959	3
NA18960	NA18960	3
NA18961	NA18961	3
NA18962	NA18962	3
NA18963	NA18963	3
NA18964	NA18964	3
NA18965	NA18965	3
NA18966	NA18966	3
NA18967	NA18967	3
NA18968	NA18968	3
NA18969	NA18969	3
NA18970	NA18970	3
NA18971	NA18971	3
NA18972	NA18972	3
NA18973	NA18973	3
NA18974	NA18974	3
NA18975	NA18975	3
NA18976	NA18976	3
NA18977	NA18977	3
NA18978	NA18978	3
NA18979	NA18979	3
NA18980	NA18980	3
NA18981	NA18981	3
NA18982	NA18982	3
NA18983	NA18983	3
NA18984	NA18984	3
NA18985	NA18985	3
NA18986	NA18986	3
NA18987	NA18987	3
NA18988	NA18988	3
NA18989	NA18989	3
NA18990	NA18990	3
NA18991	NA18991	3
NA18992	NA18992	3
NA18993	NA18993	3
NA18994	NA18994	3
NA18995	NA18995	3
NA18997	NA18997	3
NA18998	NA18998	3
NA18999	NA18999	3
NA19000	NA19000	3
NA19001	NA19001	3
NA19002	NA19002	3
NA19003	NA19003	3
NA19004	NA19004	3
NA19005	NA19005	3
NA19006	NA19006	3
NA19007	NA19007	3
NA19009	NA19009	3
NA19010	NA19010	3
NA19011	NA19011	3
NA19012	NA19012	3
NA19017	NA19017	0
NA19019	NA19019	0
NA19020	NA19020	0
NA19023	NA19023	0
NA19024	NA19024	0
NA19025	NA19025	0
NA19026	NA19026	0
NA19027	NA19027	0
NA19028	NA19028	0
NA19030	NA19030	0
NA19031	NA19031	0
NA19035	NA19035	0
NA19036	NA19036	0
NA19037	NA19037	0
NA19038	NA19038	0
NA19041	NA19041	0
NA19042	NA19042	0
NA19043	NA19043	0
NA19054	NA19054	3
NA19055	NA19055	3
NA19056	NA19056	3
NA19057	NA19057	3
NA19058	NA19058	3
NA19059	NA19059	3
NA19060	NA19060	3
NA19062	NA19062	3
NA19063	NA19063	3
NA19064	NA19064	3
NA19065	NA19065	3
NA19066	NA19066	3
NA19067	NA19067	3
NA19068	NA19068	3
NA19070	NA19070	3
NA19072	NA19072	3
NA19074	NA19074	3
NA19075	NA19075	3
NA19076	NA19076	3
NA19077	NA19077	3
NA19078	NA19078	3
NA19079	NA19079	3
NA19080	NA19080	3
NA19081	NA19081	3
NA19082	NA19082	3
NA19083	NA19083	3
NA19084	NA19084	3
NA19085	NA19085	3
NA19086	NA19086	3
NA19087	NA19087	3
NA19088	NA19088	3
NA19089	NA19089	3
NA19090	NA19090	3
NA19091	NA19091	3
NA19092	NA19092	0
NA19093	NA19093	0
NA19095	NA19095	0
NA19096	NA19096	0
NA19098	NA19098	0
NA19099	NA19099	0
NA19102	NA19102	0
NA19107	NA19107	0
NA19108	NA19108	0
NA19113	NA19113	0
NA19114	NA19114	0
NA19116	NA19116	0
NA19117	NA19117	0
NA19118	NA19118	0
NA19119	NA19119	0
NA19121	NA19121	0
NA19129	NA19129	0
NA19130	NA19130	0
NA19131	NA19131	0
NA19137	NA19137	0
NA19138	NA19138	0
NA19141	NA19141	0
NA19143	NA19143	0
NA19144	NA19144	0
NA19146	NA19146	0
NA19147	NA19147	0
NA19149	NA19149	0
NA19152	NA19152	0
NA19153	NA19153	0
NA19159	NA19159	0
NA19160	NA19160	0
NA19171	NA19171	0
NA19172	NA19172	0
NA19175	NA19175	0
NA19184	NA19184	0
NA19185	NA19185	0
NA19189	NA19189	0
NA19190	NA19190	0
NA19197	NA19197	0
NA19198	NA19198	0
NA19200	NA19200	0
NA19201	NA19201	0
NA19204	NA19204	0
NA19206	NA19206	0
NA19207	NA19207	0
NA19209	NA19209	0
NA19210	NA19210	0
NA19213	NA19213	0
NA19214	NA19214	0
NA19222	NA19222	0
NA19223	NA19223	0
NA19225	NA19225	0
NA19235	NA19235	0
NA19236	NA19236	0
NA19238	NA19238	0
NA19239	NA19239	0
NA19247	NA19247	0
NA19248	NA19248	0
NA19256	NA19256	0
NA19257	NA19257	0
NA19307	NA19307	0
NA19308	NA19308	0
NA19309	NA19309	0
NA19310	NA19310	0
NA19312	NA19312	0
NA19314	NA19314	0
NA19315	NA19315	0
NA19316	NA19316	0
NA19317	NA19317	0
NA19318	NA19318	0
NA19319	NA19319	0
NA19320	NA19320	0
NA19321	NA19321	0
NA19323	NA19323	0
NA19324	NA19324	0
NA19327	NA19327	0
NA19328	NA19328	0
NA19331	NA19331	0
NA19332	NA19332	0
NA19334	NA19334	0
NA19338	NA19338	0
NA19346	NA19346	0
NA19347	NA19347	0
NA19350	NA19350	0
NA19351	NA19351	0
NA19355	NA19355	0
NA19360	NA19360	0
NA19372	NA19372	0
NA19374	NA19374	0
NA19375	NA19375	0
NA19376	NA19376	0
NA19377	NA19377	0
NA19378	NA19378	0
NA19379	NA19379	0
NA19380	NA19380	0
NA19383	NA19383	0
NA19384	NA19384	0
NA19385	NA19385	0
NA19390	NA19390	0
NA19391	NA19391	0
NA19393	NA19393	0
NA19394	NA19394	0
NA19395	NA19395	0
NA19397	NA19397	0
NA19399	NA19399	0
NA19401	NA19401	0
NA19403	NA19403	0
NA19404	NA19404	0
NA19428	NA19428	0
NA19429	NA19429	0
NA19430	NA19430	0
NA19431	NA19431	0
NA19434	NA19434	0
NA19435	NA19435	0
NA19436	NA19436	0
NA19437	NA19437	0
NA19438	NA19438	0
NA19439	NA19439	0
NA19440	NA19440	0
NA19443	NA19443	0
NA19445	NA19445	0
NA19446	NA19446	0
NA19448	NA19448	0
NA19449	NA19449	0
NA19451	NA19451	0
NA19452	NA19452	0
NA19454	NA19454	0
NA19455	NA19455	0
NA19456	NA19456	0
NA19457	NA19457	0
NA19461	NA19461	0
NA19462	NA19462	0
NA19463	NA19463	0
NA19466	NA19466	0
NA19467	NA19467	0
NA19468	NA19468	0
NA19471	NA19471	0
NA19472	NA19472	0
NA19473	NA19473	0
NA19474	NA19474	0
NA19475	NA19475	0
NA19625	NA19625	0
NA19648	NA19648	4
NA19649	NA19649	4
NA19651	NA19651	4
NA19652	NA19652	4
NA19654	NA19654	4
NA19655	NA19655	4
NA19657	NA19657	4
NA19658	NA19658	4
NA19661	NA19661	4
NA19663	NA19663	4
NA19664	NA19664	4
NA19669	NA19669	4
NA19670	NA19670	4
NA19676	NA19676	4
NA19678	NA19678	4
NA19679	NA19679	4
NA19681	NA19681	4
NA19682	NA19682	4
NA19684	NA19684	4
NA19700	NA19700	0
NA19701	NA19701	0
NA19703	NA19703	0
NA19704	NA19704	0
NA19707	NA19707	0
NA19711	NA19711	0
NA19712	NA19712	0
NA19713	NA19713	0
NA19716	NA19716	4
NA19717	NA19717	4
NA19719	NA19719	4
NA19720	NA19720	4
NA19722	NA19722	4
NA19723	NA19723	4
NA19725	NA19725	4
NA19726	NA19726	4
NA19728	NA19728	4
NA19729	NA19729	4
NA19731	NA19731	4
NA19732	NA19732	4
NA19734	NA19734	4
NA19735	NA19735	4
NA19740	NA19740	4
NA19741	NA19741	4
NA19746	NA19746	4
NA19747	NA19747	4
NA19749	NA19749	4
NA19750	NA19750	4
NA19752	NA19752	4
NA19755	NA19755	4
NA19756	NA19756	4
NA19758	NA19758	4
NA19759	NA19759	4
NA19761	NA19761	4
NA19762	NA19762	4
NA19764	NA19764	4
NA19770	NA19770	4
NA19771	NA19771	4
NA19773	NA19773	4
NA19774	NA19774	4
NA19776	NA19776	4
NA19777	NA19777	4
NA19779	NA19779	4
NA19780	NA19780	4
NA19782	NA19782	4
NA19783	NA19783	4
NA19785	NA19785	4
NA19786	NA19786	4
NA19788	NA19788	4
NA19789	NA19789	4
NA19792	NA19792	4
NA19794	NA19794	4
NA19795	NA19795	4
NA19818	NA19818	0
NA19819	NA19819	0
NA19834	NA19834	0
NA19835	NA19835	0
NA19900	NA19900	0
NA19901	NA19901	0
NA19904	NA19904	0
NA19908	NA19908	0
NA19909	NA19909	0
NA19913	NA19913	0
NA19914	NA19914	0
NA19916	NA19916	0
NA19917	NA19917	0
NA19920	NA19920	0
NA19921	NA19921	0
NA19922	NA19922	0
NA19923	NA19923	0
NA19982	NA19982	0
NA19984	NA19984	0
NA20126	NA20126	0
NA20127	NA20127	0
NA20274	NA20274	0
NA20276	NA20276	0
NA20278	NA20278	0
NA20281	NA20281	0
NA20282	NA20282	0
NA20287	NA20287	0
NA20289	NA20289	0
NA20291	NA20291	0
NA20294	NA20294	0
NA20296	NA20296	0
NA20298	NA20298	0
NA20299	NA20299	0
NA20314	NA20314	0
NA20317	NA20317	0
NA20318	NA20318	0
NA20320	NA20320	0
NA20321	NA20321	0
NA20332	NA20332	0
NA20334	NA20334	0
NA20339	NA20339	0
NA20340	NA20340	0
NA20342	NA20342	0
NA20346	NA20346	0
NA20348	NA20348	0
NA20351	NA20351	0
NA20355	NA20355	0
NA20356	NA20356	0
NA20357	NA20357	0
NA20359	NA20359	0
NA20362	NA20362	0
NA20412	NA20412	0
NA20502	NA20502	1
NA20503	NA20503	1
NA20504	NA20504	1
NA20505	NA20505	1
NA20506	NA20506	1
NA20507	NA20507	1
NA20508	NA20508	1
NA20509	NA20509	1
NA20510	NA20510	1
NA20511	NA20511	1
NA20512	NA20512	1
NA20513	NA20513	1
NA20514	NA20514	1
NA20515	NA20515	1
NA20516	NA20516	1
NA20517	NA20517	1
NA20518	NA20518	1
NA20519	NA20519	1
NA20520	NA20520	1
NA20521	NA20521	1
NA20522	NA20522	1
NA20524	NA20524	1
NA20525	NA20525	1
NA20527	NA20527	1
NA20528	NA20528	1
NA20529	NA20529	1
NA20530	NA20530	1
NA20531	NA20531	1
NA20532	NA20532	1
NA20533	NA20533	1
NA20534	NA20534	1
NA20535	NA20535	1
NA20536	NA20536	1
NA20538	NA20538	1
NA20539	NA20539	1
NA20540	NA20540	1
NA20541	NA20541	1
NA20542	NA20542	1
NA20543	NA20543	1
NA20544	NA20544	1
NA20581	NA20581	1
NA20582	NA20582	1
NA20585	NA20585	1
NA20586	NA20586	1
NA20587	NA20587	1
NA20588	NA20588	1
NA20589	NA20589	1
NA20752	NA20752	1
NA20753	NA20753	1
NA20754	NA20754	1
NA20755	NA20755	1
NA20756	NA20756	1
NA20757	NA20757	1
NA20758	NA20758	1
NA20759	NA20759	1
NA20760	NA20760	1
NA20761	NA20761	1
NA20762	NA20762	1
NA20763	NA20763	1
NA20764	NA20764	1
NA20765	NA20765	1
NA20766	NA20766	1
NA20767	NA20767	1
NA20768	NA20768	1
NA20769	NA20769	1
NA20770	NA20770	1
NA20771	NA20771	1
NA20772	NA20772	1
NA20773	NA20773	1
NA20774	NA20774	1
NA20775	NA20775	1
NA20778	NA20778	1
NA20783	NA20783	1
NA20785	NA20785	1
NA20786	NA20786	1
NA20787	NA20787	1
NA20790	NA20790	1
NA20792	NA20792	1
NA20795	NA20795	1
NA20796	NA20796	1
NA20797	NA20797	1
NA20798	NA20798	1
NA20799	NA20799	1
NA20800	NA20800	1
NA20801	NA20801	1
NA20802	NA20802	1
NA20803	NA20803	1
NA20804	NA20804	1
NA20805	NA20805	1
NA20806	NA20806	1
NA20807	NA20807	1
NA20808	NA20808	1
NA20809	NA20809	1
NA20810	NA20810	1
NA20811	NA20811	1
NA20812	NA20812	1
NA20813	NA20813	1
NA20814	NA20814	1
NA20815	NA20815	1
NA20818	NA20818	1
NA20819	NA20819	1
NA20821	NA20821	1
NA20822	NA20822	1
NA20826	NA20826	1
NA20827	NA20827	1
NA20828	NA20828	1
NA20832	NA20832	1
NA20845	NA20845	2
NA20846	NA20846	2
NA20847	NA20847	2
NA20849	NA20849	2
NA20850	NA20850	2
NA20851	NA20851	2
NA20852	NA20852	2
NA20853	NA20853	2
NA20854	NA20854	2
NA20856	NA20856	2
NA20858	NA20858	2
NA20859	NA20859	2
NA20861	NA20861	2
NA20862	NA20862	2
NA20863	NA20863	2
NA20864	NA20864	2
NA20866	NA20866	2
NA20867	NA20867	2
NA20868	NA20868	2
NA20869	NA20869	2
NA20870	NA20870	2
NA20872	NA20872	2
NA20874	NA20874	2
NA20875	NA20875	2
NA20876	NA20876	2
NA20877	NA20877	2
NA20878	NA20878	2
NA20881	NA20881	2
NA20882	NA20882	2
NA20884	NA20884	2
NA20885	NA20885	2
NA20886	NA20886	2
NA20887	NA20887	2
NA20888	NA20888	2
NA20889	NA20889	2
NA20890	NA20890	2
NA20891	NA20891	2
NA20892	NA20892	2
NA20894	NA20894	2
NA20895	NA20895	2
NA20896	NA20896	2
NA20897	NA20897	2
NA20899	NA20899	2
NA20900	NA20900	2
NA20901	NA20901	2
NA20902	NA20902	2
NA20903	NA20903	2
NA20904	NA20904	2
NA20905	NA20905	2
NA20906	NA20906	2
NA20908	NA20908	2
NA20910	NA20910	2
NA20911	NA20911	2
NA21086	NA21086	2
NA21087	NA21087	2
NA21088	NA21088	2
NA21089	NA21089	2
NA21090	NA21090	2
NA21091	NA21091	2
NA21092	NA21092	2
NA21093	NA21093	2
NA21094	NA21094	2
NA21095	NA21095	2
NA21097	NA21097	2
NA21098	NA21098	2
NA21099	NA21099	2
NA21100	NA21100	2
NA21101	NA21101	2
NA21102	NA21102	2
NA21103	NA21103	2
NA21104	NA21104	2
NA21105	NA21105	2
NA21106	NA21106	2
NA21107	NA21107	2
NA21108	NA21108	2
NA21109	NA21109	2
NA21110	NA21110	2
NA21111	NA21111	2
NA21112	NA21112	2
NA21113	NA21113	2
NA21114	NA21114	2
NA21115	NA21115	2
NA21116	NA21116	2
NA21117	NA21117	2
NA21118	NA21118	2
NA21119	NA21119	2
NA21120	NA21120	2
NA21122	NA21122	2
NA21123	NA21123	2
NA21124	NA21124	2
NA21125	NA21125	2
NA21126	NA21126	2
NA21127	NA21127	2
NA21128	NA21128	2
NA21129	NA21129	2
NA21130	NA21130	2
NA21133	NA21133	2
NA21135	NA21135	2
NA21137	NA21137	2
NA21141	NA21141	2
NA21142	NA21142	2
NA21143	NA21143	2
NA21144	NA21144	2
